invoice_id,customer_id,amount_due,currency,created,paid,status
INV001,CUST001,10000,usd,2024-01-01,TRUE,paid
INV002,CUST002,15000,usd,2024-02-01,TRUE,paid
INV003,CUST003,5000,usd,2024-03-01,TRUE,paid
INV004,CUST004,7500,usd,2024-01-15,TRUE,paid
INV005,CUST005,20000,usd,2024-04-01,TRUE,paid
INV006,CUST001,10000,usd,2024-02-01,TRUE,paid
INV007,CUST006,25000,usd,2024-06-01,TRUE,paid
INV008,CUST007,2000,usd,2024-02-15,TRUE,paid
INV009,CUST008,6250,usd,2024-03-15,TRUE,paid
INV010,CUST009,9167,usd,2024-07-01,TRUE,paid
INV011,CUST010,16667,usd,2024-08-01,TRUE,paid
INV012,CUST011,12500,usd,2024-09-01,TRUE,paid
INV013,CUST002,3333,usd,2024-04-15,TRUE,paid
INV014,CUST012,7083,usd,2024-10-01,TRUE,paid
INV015,CUST001,10000,usd,2024-03-01,TRUE,paid
INV016,CUST002,15000,usd,2024-03-01,TRUE,paid
INV017,CUST003,5000,usd,2024-04-01,TRUE,paid
INV018,CUST004,7500,usd,2024-02-15,TRUE,paid
INV019,CUST005,20000,usd,2024-05-01,TRUE,paid
INV020,CUST001,10000,usd,2024-04-01,TRUE,paid
INV021,CUST006,25000,usd,2024-07-01,TRUE,paid
INV022,CUST007,2000,usd,2024-03-15,TRUE,paid
INV023,CUST008,6250,usd,2024-04-15,TRUE,paid
INV024,CUST009,9167,usd,2024-08-01,TRUE,paid
INV025,CUST010,16667,usd,2024-09-01,TRUE,paid
INV026,CUST011,12500,usd,2024-10-01,TRUE,paid
INV027,CUST002,3333,usd,2024-05-15,TRUE,paid
INV028,CUST012,7083,usd,2024-11-01,TRUE,paid
INV029,CUST001,10000,usd,2024-05-01,TRUE,paid
INV030,CUST002,15000,usd,2024-04-01,TRUE,paid
INV031,CUST013,3500,usd,2024-06-01,TRUE,paid
INV032,CUST014,1500,usd,2024-03-01,TRUE,paid
INV033,CUST013,3500,usd,2024-07-01,TRUE,paid
INV034,CUST014,1500,usd,2024-04-01,TRUE,paid
INV035,CUST001,10000,usd,2024-06-01,FALSE,open
INV036,CUST002,18333,usd,2024-05-01,TRUE,paid
INV037,CUST003,5000,usd,2024-05-01,TRUE,paid
INV038,CUST004,7500,usd,2024-03-15,TRUE,paid
INV039,CUST005,20000,usd,2024-06-01,TRUE,paid
INV040,CUST001,10000,usd,2024-07-01,TRUE,paid
INV0041,CUST001,1463,usd,2024-01-01,True,paid
INV0042,CUST001,1482,usd,2024-02-01,True,paid
INV0043,CUST001,1518,usd,2024-03-01,True,paid
INV0044,CUST001,1519,usd,2024-04-01,True,paid
INV0045,CUST001,1471,usd,2024-05-01,True,paid
INV0046,CUST001,1463,usd,2024-06-01,True,paid
INV0047,CUST001,1464,usd,2024-07-01,True,paid
INV0048,CUST001,1431,usd,2024-08-01,True,paid
INV0049,CUST001,1536,usd,2024-09-01,True,paid
INV0050,CUST001,1478,usd,2024-10-01,True,paid
INV0051,CUST002,1548,usd,2024-02-01,True,paid
INV0052,CUST002,1444,usd,2024-03-01,True,paid
INV0053,CUST002,1548,usd,2024-04-01,False,open
INV0054,CUST002,1474,usd,2024-05-01,True,paid
INV0055,CUST002,1487,usd,2024-06-01,True,paid
INV0056,CUST002,1503,usd,2024-07-01,True,paid
INV0057,CUST002,1502,usd,2024-08-01,True,paid
INV0058,CUST002,1438,usd,2024-09-01,True,paid
INV0059,CUST002,1474,usd,2024-10-01,True,paid
INV0060,CUST003,583,usd,2024-03-01,True,paid
INV0061,CUST003,588,usd,2024-04-01,True,paid
INV0062,CUST003,614,usd,2024-05-01,True,paid
INV0063,CUST003,578,usd,2024-06-01,True,paid
INV0064,CUST003,578,usd,2024-07-01,True,paid
INV0065,CUST003,622,usd,2024-08-01,True,paid
INV0066,CUST003,601,usd,2024-09-01,True,paid
INV0067,CUST003,579,usd,2024-10-01,True,paid
INV0068,CUST004,616,usd,2024-01-15,True,paid
INV0069,CUST004,614,usd,2024-02-15,True,paid
INV0070,CUST004,609,usd,2024-03-15,True,paid
INV0071,CUST004,591,usd,2024-04-15,True,paid
INV0072,CUST004,613,usd,2024-05-15,True,paid
INV0073,CUST004,597,usd,2024-06-15,True,paid
INV0074,CUST004,614,usd,2024-07-15,True,paid
INV0075,CUST004,612,usd,2024-08-15,True,paid
INV0076,CUST004,616,usd,2024-09-15,True,paid
INV0077,CUST004,600,usd,2024-10-15,True,paid
INV0078,CUST005,1552,usd,2024-04-01,True,paid
INV0079,CUST005,1561,usd,2024-05-01,True,paid
INV0080,CUST005,1450,usd,2024-06-01,True,paid
INV0081,CUST005,1489,usd,2024-07-01,True,paid
INV0082,CUST005,1452,usd,2024-08-01,True,paid
INV0083,CUST005,1460,usd,2024-09-01,True,paid
INV0084,CUST005,1437,usd,2024-10-01,True,paid
INV0085,CUST001,1519,usd,2024-05-01,False,open
INV0086,CUST001,1520,usd,2024-06-01,True,paid
INV0087,CUST001,1524,usd,2024-07-01,True,paid
INV0088,CUST001,1443,usd,2024-08-01,True,paid
INV0089,CUST001,1452,usd,2024-09-01,True,paid
INV0090,CUST001,1550,usd,2024-10-01,True,paid
INV0091,CUST006,3123,usd,2024-06-01,True,paid
INV0092,CUST006,2852,usd,2024-07-01,True,paid
INV0093,CUST006,3056,usd,2024-08-01,True,paid
INV0094,CUST006,2981,usd,2024-09-01,True,paid
INV0095,CUST006,2954,usd,2024-10-01,True,paid
INV0096,CUST007,123,usd,2024-02-15,True,paid
INV0097,CUST007,123,usd,2024-03-15,True,paid
INV0098,CUST007,120,usd,2024-04-15,True,paid
INV0099,CUST007,121,usd,2024-05-15,True,paid
INV0100,CUST007,124,usd,2024-06-15,True,paid
INV0101,CUST007,125,usd,2024-07-15,True,paid
INV0102,CUST007,117,usd,2024-08-15,True,paid
INV0103,CUST007,123,usd,2024-09-15,True,paid
INV0104,CUST007,121,usd,2024-10-15,True,paid
INV0105,CUST008,628,usd,2024-03-15,True,paid
INV0106,CUST008,629,usd,2024-04-15,True,paid
INV0107,CUST008,622,usd,2024-05-15,False,open
INV0108,CUST008,579,usd,2024-06-15,True,paid
INV0109,CUST008,623,usd,2024-07-15,True,paid
INV0110,CUST008,615,usd,2024-08-15,True,paid
INV0111,CUST008,572,usd,2024-09-15,True,paid
INV0112,CUST008,571,usd,2024-10-15,True,paid
INV0113,CUST009,605,usd,2024-07-01,True,paid
INV0114,CUST009,600,usd,2024-08-01,True,paid
INV0115,CUST009,577,usd,2024-09-01,True,paid
INV0116,CUST009,597,usd,2024-10-01,True,paid
INV0117,CUST010,1465,usd,2024-08-01,True,paid
INV0118,CUST010,1523,usd,2024-09-01,True,paid
INV0119,CUST010,1560,usd,2024-10-01,True,paid
INV0120,CUST011,1537,usd,2024-09-01,True,paid
INV0121,CUST011,1562,usd,2024-10-01,True,paid
INV0122,CUST002,1425,usd,2024-04-15,True,paid
INV0123,CUST002,1441,usd,2024-05-15,True,paid
INV0124,CUST002,1546,usd,2024-06-15,True,paid
INV0125,CUST002,1478,usd,2024-07-15,True,paid
INV0126,CUST002,1565,usd,2024-08-15,True,paid
INV0127,CUST002,1497,usd,2024-09-15,True,paid
INV0128,CUST002,1503,usd,2024-10-15,True,paid
INV0129,CUST012,584,usd,2024-10-01,True,paid
INV0130,CUST013,589,usd,2024-06-01,False,open
INV0131,CUST013,581,usd,2024-07-01,False,open
INV0132,CUST014,123,usd,2024-03-01,True,paid
INV0133,CUST014,116,usd,2024-04-01,True,paid
INV0134,CUST014,122,usd,2024-05-01,False,open
INV0135,CUST015,581,usd,2023-12-09,True,paid
INV0136,CUST015,593,usd,2024-01-09,True,paid
INV0137,CUST015,601,usd,2024-02-09,True,paid
INV0138,CUST015,591,usd,2024-03-09,True,paid
INV0139,CUST015,606,usd,2024-04-09,True,paid
INV0140,CUST015,577,usd,2024-05-09,True,paid
INV0141,CUST015,605,usd,2024-06-09,True,paid
INV0142,CUST015,612,usd,2024-07-09,True,paid
INV0143,CUST015,578,usd,2024-08-09,True,paid
INV0144,CUST015,615,usd,2024-09-09,True,paid
INV0145,CUST015,625,usd,2024-10-09,True,paid
INV0146,CUST016,779,usd,2024-04-26,True,paid
INV0147,CUST016,804,usd,2024-05-26,True,paid
INV0148,CUST016,816,usd,2024-06-26,True,paid
INV0149,CUST016,821,usd,2024-07-26,True,paid
INV0150,CUST016,812,usd,2024-08-26,True,paid
INV0151,CUST016,813,usd,2024-09-26,True,paid
INV0152,CUST017,119,usd,2024-02-27,True,paid
INV0153,CUST017,120,usd,2024-03-27,True,paid
INV0154,CUST017,115,usd,2024-04-27,True,paid
INV0155,CUST017,123,usd,2024-05-27,True,paid
INV0156,CUST017,118,usd,2024-06-27,True,paid
INV0157,CUST017,118,usd,2024-07-27,True,paid
INV0158,CUST017,117,usd,2024-08-27,True,paid
INV0159,CUST017,118,usd,2024-09-27,True,paid
INV0160,CUST018,1453,usd,2023-08-30,True,paid
INV0161,CUST018,1439,usd,2023-09-30,True,paid
INV0162,CUST018,1488,usd,2023-10-30,True,paid
INV0163,CUST018,1475,usd,2023-11-30,True,paid
INV0164,CUST018,1510,usd,2023-12-30,True,paid
INV0165,CUST018,1454,usd,2024-01-30,True,paid
INV0166,CUST018,1517,usd,2024-02-29,True,paid
INV0167,CUST018,1427,usd,2024-03-29,True,paid
INV0168,CUST018,1483,usd,2024-04-29,True,paid
INV0169,CUST018,1551,usd,2024-05-29,True,paid
INV0170,CUST018,1546,usd,2024-06-29,True,paid
INV0171,CUST018,1571,usd,2024-07-29,False,open
INV0172,CUST018,1543,usd,2024-08-29,True,paid
INV0173,CUST018,1551,usd,2023-12-27,True,paid
INV0174,CUST018,1510,usd,2024-01-27,True,paid
INV0175,CUST018,1426,usd,2024-02-27,True,paid
INV0176,CUST018,1502,usd,2024-03-27,True,paid
INV0177,CUST018,1476,usd,2024-04-27,True,paid
INV0178,CUST018,1550,usd,2024-05-27,True,paid
INV0179,CUST018,1525,usd,2024-06-27,True,paid
INV0180,CUST018,1517,usd,2024-07-27,True,paid
INV0181,CUST018,1440,usd,2024-08-27,True,paid
INV0182,CUST018,1442,usd,2024-09-27,True,paid
INV0183,CUST019,1548,usd,2024-05-02,True,paid
INV0184,CUST019,1518,usd,2024-06-02,True,paid
INV0185,CUST019,1567,usd,2024-07-02,True,paid
INV0186,CUST019,1481,usd,2024-08-02,False,open
INV0187,CUST019,1518,usd,2024-09-02,True,paid
INV0188,CUST019,1473,usd,2024-10-02,True,paid
INV0189,CUST020,790,usd,2023-12-03,True,paid
INV0190,CUST020,771,usd,2024-01-03,True,paid
INV0191,CUST020,777,usd,2024-02-03,True,paid
INV0192,CUST020,838,usd,2024-03-03,False,open
INV0193,CUST020,799,usd,2024-04-03,True,paid
INV0194,CUST020,766,usd,2024-05-03,True,paid
INV0195,CUST020,807,usd,2024-06-03,True,paid
INV0196,CUST020,825,usd,2024-07-03,True,paid
INV0197,CUST020,789,usd,2024-08-03,True,paid
INV0198,CUST020,808,usd,2024-09-03,True,paid
INV0199,CUST020,764,usd,2024-10-03,False,open
INV0200,CUST021,2918,usd,2023-07-27,True,paid
INV0201,CUST021,2852,usd,2023-08-27,True,paid
INV0202,CUST021,2891,usd,2023-09-27,False,open
INV0203,CUST021,2923,usd,2023-10-27,True,paid
INV0204,CUST021,3091,usd,2023-11-27,True,paid
INV0205,CUST021,2892,usd,2023-12-27,True,paid
INV0206,CUST021,3070,usd,2024-01-27,True,paid
INV0207,CUST021,3006,usd,2024-02-27,True,paid
INV0208,CUST021,2981,usd,2024-03-27,True,paid
INV0209,CUST021,2948,usd,2024-04-27,True,paid
INV0210,CUST021,2927,usd,2024-05-27,True,paid
INV0211,CUST021,3141,usd,2024-06-27,False,open
INV0212,CUST022,1548,usd,2024-05-10,True,paid
INV0213,CUST022,1542,usd,2024-06-10,True,paid
INV0214,CUST022,1427,usd,2024-07-10,True,paid
INV0215,CUST022,1432,usd,2024-08-10,True,paid
INV0216,CUST022,1479,usd,2024-09-10,True,paid
INV0217,CUST022,1515,usd,2024-10-10,True,paid
INV0218,CUST023,124,usd,2023-09-12,True,paid
INV0219,CUST023,123,usd,2023-10-12,True,paid
INV0220,CUST023,118,usd,2023-11-12,True,paid
INV0221,CUST023,114,usd,2023-12-12,True,paid
INV0222,CUST023,125,usd,2024-01-12,True,paid
INV0223,CUST023,118,usd,2024-02-12,True,paid
INV0224,CUST023,123,usd,2024-03-12,True,paid
INV0225,CUST023,118,usd,2024-04-12,True,paid
INV0226,CUST023,123,usd,2024-05-12,True,paid
INV0227,CUST023,117,usd,2024-06-12,True,paid
INV0228,CUST023,114,usd,2024-07-12,True,paid
INV0229,CUST023,123,usd,2024-08-12,False,open
INV0230,CUST024,1520,usd,2024-07-06,True,paid
INV0231,CUST024,1432,usd,2024-08-06,True,paid
INV0232,CUST024,1563,usd,2024-09-06,True,paid
INV0233,CUST024,1545,usd,2024-10-06,True,paid
INV0234,CUST025,820,usd,2023-03-14,True,paid
INV0235,CUST025,821,usd,2023-04-14,True,paid
INV0236,CUST025,799,usd,2023-05-14,True,paid
INV0237,CUST025,788,usd,2023-06-14,True,paid
INV0238,CUST025,828,usd,2023-07-14,True,paid
INV0239,CUST025,800,usd,2023-08-14,True,paid
INV0240,CUST025,770,usd,2023-09-14,True,paid
INV0241,CUST025,776,usd,2023-10-14,True,paid
INV0242,CUST025,833,usd,2023-11-14,True,paid
INV0243,CUST025,832,usd,2023-12-14,True,paid
INV0244,CUST025,801,usd,2024-01-14,True,paid
INV0245,CUST025,824,usd,2024-02-14,True,paid
INV0246,CUST026,1473,usd,2024-07-06,True,paid
INV0247,CUST026,1508,usd,2024-08-06,True,paid
INV0248,CUST026,1520,usd,2024-09-06,True,paid
INV0249,CUST026,1459,usd,2024-10-06,True,paid
INV0250,CUST027,829,usd,2024-04-09,True,paid
INV0251,CUST027,773,usd,2024-05-09,True,paid
INV0252,CUST027,793,usd,2024-06-09,True,paid
INV0253,CUST027,800,usd,2024-07-09,True,paid
INV0254,CUST027,771,usd,2024-08-09,True,paid
INV0255,CUST027,774,usd,2024-09-09,True,paid
INV0256,CUST027,764,usd,2024-10-09,True,paid
INV0257,CUST028,1550,usd,2023-03-22,True,paid
INV0258,CUST028,1490,usd,2023-04-22,True,paid
INV0259,CUST028,1436,usd,2023-05-22,True,paid
INV0260,CUST028,1562,usd,2023-06-22,True,paid
INV0261,CUST028,1483,usd,2023-07-22,True,paid
INV0262,CUST028,1543,usd,2023-08-22,True,paid
INV0263,CUST028,1474,usd,2023-09-22,True,paid
INV0264,CUST028,1438,usd,2023-10-22,True,paid
INV0265,CUST028,1426,usd,2023-11-22,True,paid
INV0266,CUST028,1532,usd,2023-12-22,True,paid
INV0267,CUST028,1500,usd,2024-01-22,True,paid
INV0268,CUST028,1498,usd,2024-02-22,True,paid
INV0269,CUST029,3058,usd,2023-03-01,True,paid
INV0270,CUST029,3091,usd,2023-04-01,True,paid
INV0271,CUST029,2857,usd,2023-05-01,True,paid
INV0272,CUST029,3064,usd,2023-06-01,True,paid
INV0273,CUST029,2996,usd,2023-07-01,True,paid
INV0274,CUST029,3107,usd,2023-08-01,True,paid
INV0275,CUST029,3066,usd,2023-09-01,True,paid
INV0276,CUST029,3117,usd,2023-10-01,True,paid
INV0277,CUST029,2880,usd,2023-11-01,True,paid
INV0278,CUST029,2891,usd,2023-12-01,True,paid
INV0279,CUST029,2987,usd,2024-01-01,True,paid
INV0280,CUST029,3102,usd,2024-02-01,True,paid
INV0281,CUST030,589,usd,2023-04-05,True,paid
INV0282,CUST030,588,usd,2023-05-05,True,paid
INV0283,CUST030,600,usd,2023-06-05,True,paid
INV0284,CUST030,619,usd,2023-07-05,True,paid
INV0285,CUST030,591,usd,2023-08-05,True,paid
INV0286,CUST030,629,usd,2023-09-05,True,paid
INV0287,CUST030,587,usd,2023-10-05,True,paid
INV0288,CUST030,588,usd,2023-11-05,True,paid
INV0289,CUST030,629,usd,2023-12-05,True,paid
INV0290,CUST030,582,usd,2024-01-05,True,paid
INV0291,CUST030,597,usd,2024-02-05,False,open
INV0292,CUST030,608,usd,2024-03-05,False,open
INV0293,CUST031,612,usd,2024-07-04,True,paid
INV0294,CUST031,576,usd,2024-08-04,True,paid
INV0295,CUST031,629,usd,2024-09-04,True,paid
INV0296,CUST031,629,usd,2024-10-04,True,paid
INV0297,CUST032,3053,usd,2023-10-04,True,paid
INV0298,CUST032,3048,usd,2023-11-04,True,paid
INV0299,CUST032,3085,usd,2023-12-04,True,paid
INV0300,CUST032,2858,usd,2024-01-04,True,paid
INV0301,CUST032,3016,usd,2024-02-04,True,paid
INV0302,CUST032,3079,usd,2024-03-04,True,paid
INV0303,CUST032,3012,usd,2024-04-04,False,open
INV0304,CUST032,3066,usd,2024-05-04,True,paid
INV0305,CUST032,3148,usd,2024-06-04,True,paid
INV0306,CUST032,3133,usd,2024-07-04,True,paid
INV0307,CUST032,3109,usd,2024-08-04,True,paid
INV0308,CUST032,3054,usd,2024-09-04,False,open
INV0309,CUST033,1016,usd,2023-02-28,True,paid
INV0310,CUST033,1036,usd,2023-03-28,True,paid
INV0311,CUST033,964,usd,2023-04-28,True,paid
INV0312,CUST033,1023,usd,2023-05-28,True,paid
INV0313,CUST033,982,usd,2023-06-28,True,paid
INV0314,CUST033,1015,usd,2023-07-28,True,paid
INV0315,CUST033,1024,usd,2023-08-28,True,paid
INV0316,CUST033,987,usd,2023-09-28,True,paid
INV0317,CUST033,1043,usd,2023-10-28,True,paid
INV0318,CUST033,1008,usd,2023-11-28,True,paid
INV0319,CUST033,1036,usd,2023-12-28,True,paid
INV0320,CUST033,990,usd,2024-01-28,False,open
INV0321,CUST033,1024,usd,2024-02-28,False,open
INV0322,CUST034,1464,usd,2024-01-19,True,paid
INV0323,CUST034,1534,usd,2024-02-19,True,paid
INV0324,CUST034,1519,usd,2024-03-19,True,paid
INV0325,CUST034,1458,usd,2024-04-19,True,paid
INV0326,CUST034,1547,usd,2024-05-19,True,paid
INV0327,CUST034,1475,usd,2024-06-19,True,paid
INV0328,CUST034,1478,usd,2024-07-19,True,paid
INV0329,CUST034,1490,usd,2024-08-19,True,paid
INV0330,CUST034,1461,usd,2024-09-19,False,open
INV0331,CUST034,1533,usd,2024-08-15,True,paid
INV0332,CUST034,1518,usd,2024-09-15,True,paid
INV0333,CUST034,1494,usd,2024-10-15,True,paid
INV0334,CUST035,620,usd,2024-04-09,True,paid
INV0335,CUST035,586,usd,2024-05-09,True,paid
INV0336,CUST035,587,usd,2024-06-09,True,paid
INV0337,CUST035,583,usd,2024-07-09,True,paid
INV0338,CUST035,588,usd,2024-08-09,True,paid
INV0339,CUST035,594,usd,2024-09-09,True,paid
INV0340,CUST035,622,usd,2024-10-09,True,paid
INV0341,CUST036,116,usd,2024-05-06,True,paid
INV0342,CUST036,122,usd,2024-06-06,True,paid
INV0343,CUST036,119,usd,2024-07-06,True,paid
INV0344,CUST036,123,usd,2024-08-06,True,paid
INV0345,CUST036,118,usd,2024-09-06,True,paid
INV0346,CUST036,122,usd,2024-10-06,True,paid
INV0347,CUST037,1483,usd,2023-03-23,True,paid
INV0348,CUST037,1438,usd,2023-04-23,True,paid
INV0349,CUST037,1527,usd,2023-05-23,True,paid
INV0350,CUST037,1475,usd,2023-06-23,True,paid
INV0351,CUST037,1507,usd,2023-07-23,True,paid
INV0352,CUST037,1449,usd,2023-08-23,True,paid
INV0353,CUST037,1571,usd,2023-09-23,True,paid
INV0354,CUST037,1492,usd,2023-10-23,True,paid
INV0355,CUST037,1498,usd,2023-11-23,True,paid
INV0356,CUST037,1464,usd,2023-12-23,True,paid
INV0357,CUST037,1441,usd,2024-01-23,True,paid
INV0358,CUST037,1496,usd,2024-02-23,False,open
INV0359,CUST038,1487,usd,2023-11-20,True,paid
INV0360,CUST038,1550,usd,2023-12-20,True,paid
INV0361,CUST038,1566,usd,2024-01-20,True,paid
INV0362,CUST038,1543,usd,2024-02-20,True,paid
INV0363,CUST038,1474,usd,2024-03-20,True,paid
INV0364,CUST038,1444,usd,2024-04-20,True,paid
INV0365,CUST038,1496,usd,2024-05-20,True,paid
INV0366,CUST038,1496,usd,2024-06-20,True,paid
INV0367,CUST038,1519,usd,2024-07-20,True,paid
INV0368,CUST038,1452,usd,2024-08-20,True,paid
INV0369,CUST038,1483,usd,2024-09-20,True,paid
INV0370,CUST038,1510,usd,2024-06-16,True,paid
INV0371,CUST038,1455,usd,2024-07-16,True,paid
INV0372,CUST038,1448,usd,2024-08-16,True,paid
INV0373,CUST038,1550,usd,2024-09-16,True,paid
INV0374,CUST038,1449,usd,2024-10-16,True,paid
INV0375,CUST039,179,usd,2024-03-02,True,paid
INV0376,CUST039,174,usd,2024-04-02,True,paid
INV0377,CUST039,173,usd,2024-05-02,True,paid
INV0378,CUST039,177,usd,2024-06-02,True,paid
INV0379,CUST039,178,usd,2024-07-02,True,paid
INV0380,CUST039,172,usd,2024-08-02,True,paid
INV0381,CUST039,182,usd,2024-09-02,True,paid
INV0382,CUST039,187,usd,2024-10-02,True,paid
INV0383,CUST040,1549,usd,2023-12-17,True,paid
INV0384,CUST040,1426,usd,2024-01-17,True,paid
INV0385,CUST040,1441,usd,2024-02-17,True,paid
INV0386,CUST040,1567,usd,2024-03-17,True,paid
INV0387,CUST040,1429,usd,2024-04-17,True,paid
INV0388,CUST040,1555,usd,2024-05-17,True,paid
INV0389,CUST040,1544,usd,2024-06-17,True,paid
INV0390,CUST040,1542,usd,2024-07-17,True,paid
INV0391,CUST040,1474,usd,2024-08-17,True,paid
INV0392,CUST040,1447,usd,2024-09-17,True,paid
INV0393,CUST040,1480,usd,2024-10-17,True,paid
INV0394,CUST041,118,usd,2024-05-10,True,paid
INV0395,CUST041,115,usd,2024-06-10,True,paid
INV0396,CUST041,119,usd,2024-07-10,True,paid
INV0397,CUST041,117,usd,2024-08-10,True,paid
INV0398,CUST041,116,usd,2024-09-10,True,paid
INV0399,CUST041,124,usd,2024-10-10,True,paid
INV0400,CUST042,123,usd,2024-04-02,True,paid
INV0401,CUST042,124,usd,2024-05-02,True,paid
INV0402,CUST042,122,usd,2024-06-02,True,paid
INV0403,CUST042,120,usd,2024-07-02,True,paid
INV0404,CUST042,117,usd,2024-08-02,True,paid
INV0405,CUST042,119,usd,2024-09-02,True,paid
INV0406,CUST042,121,usd,2024-10-02,True,paid
INV0407,CUST043,171,usd,2024-06-06,True,paid
INV0408,CUST043,177,usd,2024-07-06,True,paid
INV0409,CUST043,177,usd,2024-08-06,True,paid
INV0410,CUST043,181,usd,2024-09-06,True,paid
INV0411,CUST043,177,usd,2024-10-06,True,paid
INV0412,CUST044,1036,usd,2023-04-29,True,paid
INV0413,CUST044,979,usd,2023-05-29,True,paid
INV0414,CUST044,1015,usd,2023-06-29,True,paid
INV0415,CUST044,953,usd,2023-07-29,True,paid
INV0416,CUST044,1037,usd,2023-08-29,True,paid
INV0417,CUST044,996,usd,2023-09-29,True,paid
INV0418,CUST044,987,usd,2023-10-29,True,paid
INV0419,CUST044,1036,usd,2023-11-29,True,paid
INV0420,CUST044,1029,usd,2023-12-29,True,paid
INV0421,CUST044,953,usd,2024-01-29,True,paid
INV0422,CUST044,986,usd,2024-02-29,True,paid
INV0423,CUST044,973,usd,2024-03-29,True,paid
INV0424,CUST045,114,usd,2023-02-24,True,paid
INV0425,CUST045,114,usd,2023-03-24,True,paid
INV0426,CUST045,120,usd,2023-04-24,False,open
INV0427,CUST045,116,usd,2023-05-24,True,paid
INV0428,CUST045,123,usd,2023-06-24,True,paid
INV0429,CUST045,121,usd,2023-07-24,True,paid
INV0430,CUST045,123,usd,2023-08-24,True,paid
INV0431,CUST045,124,usd,2023-09-24,True,paid
INV0432,CUST045,124,usd,2023-10-24,True,paid
INV0433,CUST045,124,usd,2023-11-24,True,paid
INV0434,CUST045,118,usd,2023-12-24,True,paid
INV0435,CUST045,115,usd,2024-01-24,True,paid
INV0436,CUST045,117,usd,2024-02-24,True,paid
INV0437,CUST046,571,usd,2023-02-13,True,paid
INV0438,CUST046,586,usd,2023-03-13,True,paid
INV0439,CUST046,574,usd,2023-04-13,True,paid
INV0440,CUST046,574,usd,2023-05-13,True,paid
INV0441,CUST046,604,usd,2023-06-13,True,paid
INV0442,CUST046,588,usd,2023-07-13,True,paid
INV0443,CUST046,609,usd,2023-08-13,True,paid
INV0444,CUST046,611,usd,2023-09-13,True,paid
INV0445,CUST046,596,usd,2023-10-13,True,paid
INV0446,CUST046,574,usd,2023-11-13,True,paid
INV0447,CUST046,573,usd,2023-12-13,True,paid
INV0448,CUST046,579,usd,2024-01-13,False,open
INV0449,CUST046,577,usd,2024-02-13,True,paid
INV0450,CUST047,1468,usd,2023-06-13,True,paid
INV0451,CUST047,1568,usd,2023-07-13,True,paid
INV0452,CUST047,1559,usd,2023-08-13,True,paid
INV0453,CUST047,1488,usd,2023-09-13,True,paid
INV0454,CUST047,1529,usd,2023-10-13,True,paid
INV0455,CUST047,1440,usd,2023-11-13,False,open
INV0456,CUST047,1558,usd,2023-12-13,True,paid
INV0457,CUST047,1445,usd,2024-01-13,True,paid
INV0458,CUST047,1451,usd,2024-02-13,True,paid
INV0459,CUST047,1506,usd,2024-03-13,True,paid
INV0460,CUST047,1497,usd,2024-04-13,True,paid
INV0461,CUST047,1560,usd,2024-05-13,False,open
INV0462,CUST047,1555,usd,2023-11-19,True,paid
INV0463,CUST047,1495,usd,2023-12-19,True,paid
INV0464,CUST047,1536,usd,2024-01-19,True,paid
INV0465,CUST047,1563,usd,2024-02-19,True,paid
INV0466,CUST047,1433,usd,2024-03-19,True,paid
INV0467,CUST047,1474,usd,2024-04-19,True,paid
INV0468,CUST047,1452,usd,2024-05-19,True,paid
INV0469,CUST047,1448,usd,2024-06-19,True,paid
INV0470,CUST047,1567,usd,2024-07-19,True,paid
INV0471,CUST047,1431,usd,2024-08-19,True,paid
INV0472,CUST047,1443,usd,2024-09-19,True,paid
INV0473,CUST048,572,usd,2024-03-31,True,paid
INV0474,CUST048,595,usd,2024-04-30,True,paid
INV0475,CUST048,574,usd,2024-05-30,True,paid
INV0476,CUST048,604,usd,2024-06-30,True,paid
INV0477,CUST048,606,usd,2024-07-30,True,paid
INV0478,CUST048,612,usd,2024-08-30,True,paid
INV0479,CUST048,597,usd,2024-09-30,True,paid
INV0480,CUST049,119,usd,2023-10-20,True,paid
INV0481,CUST049,124,usd,2023-11-20,True,paid
INV0482,CUST049,124,usd,2023-12-20,True,paid
INV0483,CUST049,125,usd,2024-01-20,True,paid
INV0484,CUST049,119,usd,2024-02-20,True,paid
INV0485,CUST049,123,usd,2024-03-20,True,paid
INV0486,CUST049,115,usd,2024-04-20,True,paid
INV0487,CUST049,114,usd,2024-05-20,True,paid
INV0488,CUST049,124,usd,2024-06-20,True,paid
INV0489,CUST049,119,usd,2024-07-20,True,paid
INV0490,CUST049,121,usd,2024-08-20,True,paid
INV0491,CUST049,125,usd,2024-09-20,True,paid
INV0492,CUST050,1521,usd,2023-11-07,True,paid
INV0493,CUST050,1431,usd,2023-12-07,True,paid
INV0494,CUST050,1500,usd,2024-01-07,True,paid
INV0495,CUST050,1507,usd,2024-02-07,True,paid
INV0496,CUST050,1525,usd,2024-03-07,True,paid
INV0497,CUST050,1547,usd,2024-04-07,True,paid
INV0498,CUST050,1464,usd,2024-05-07,True,paid
INV0499,CUST050,1444,usd,2024-06-07,True,paid
INV0500,CUST050,1495,usd,2024-07-07,True,paid
INV0501,CUST050,1539,usd,2024-08-07,True,paid
INV0502,CUST050,1453,usd,2024-09-07,True,paid
INV0503,CUST050,1443,usd,2024-10-07,True,paid
INV0504,CUST051,1430,usd,2024-02-12,True,paid
INV0505,CUST051,1569,usd,2024-03-12,True,paid
INV0506,CUST051,1557,usd,2024-04-12,True,paid
INV0507,CUST051,1484,usd,2024-05-12,False,open
INV0508,CUST051,1523,usd,2024-06-12,True,paid
INV0509,CUST051,1509,usd,2024-07-12,True,paid
INV0510,CUST051,1473,usd,2024-08-12,True,paid
INV0511,CUST051,1505,usd,2024-09-12,True,paid
INV0512,CUST051,1549,usd,2024-10-12,True,paid
INV0513,CUST051,1469,usd,2024-07-01,True,paid
INV0514,CUST051,1440,usd,2024-08-01,True,paid
INV0515,CUST051,1562,usd,2024-09-01,True,paid
INV0516,CUST051,1554,usd,2024-10-01,True,paid
INV0517,CUST052,577,usd,2023-08-22,True,paid
INV0518,CUST052,606,usd,2023-09-22,True,paid
INV0519,CUST052,576,usd,2023-10-22,True,paid
INV0520,CUST052,570,usd,2023-11-22,True,paid
INV0521,CUST052,611,usd,2023-12-22,True,paid
INV0522,CUST052,601,usd,2024-01-22,True,paid
INV0523,CUST052,624,usd,2024-02-22,True,paid
INV0524,CUST052,622,usd,2024-03-22,True,paid
INV0525,CUST052,570,usd,2024-04-22,True,paid
INV0526,CUST052,629,usd,2024-05-22,True,paid
INV0527,CUST052,602,usd,2024-06-22,True,paid
INV0528,CUST052,614,usd,2024-07-22,True,paid
INV0529,CUST053,792,usd,2024-06-25,True,paid
INV0530,CUST053,780,usd,2024-07-25,True,paid
INV0531,CUST053,825,usd,2024-08-25,True,paid
INV0532,CUST053,786,usd,2024-09-25,True,paid
INV0533,CUST054,602,usd,2023-04-25,True,paid
INV0534,CUST054,623,usd,2023-05-25,True,paid
INV0535,CUST054,604,usd,2023-06-25,True,paid
INV0536,CUST054,624,usd,2023-07-25,True,paid
INV0537,CUST054,620,usd,2023-08-25,True,paid
INV0538,CUST054,604,usd,2023-09-25,True,paid
INV0539,CUST054,622,usd,2023-10-25,True,paid
INV0540,CUST054,582,usd,2023-11-25,True,paid
INV0541,CUST054,615,usd,2023-12-25,True,paid
INV0542,CUST054,581,usd,2024-01-25,True,paid
INV0543,CUST054,586,usd,2024-02-25,True,paid
INV0544,CUST054,571,usd,2024-03-25,True,paid
INV0545,CUST055,119,usd,2024-07-21,True,paid
INV0546,CUST055,124,usd,2024-08-21,True,paid
INV0547,CUST055,121,usd,2024-09-21,True,paid
INV0548,CUST056,1529,usd,2023-07-25,True,paid
INV0549,CUST056,1563,usd,2023-08-25,True,paid
INV0550,CUST056,1474,usd,2023-09-25,True,paid
INV0551,CUST056,1500,usd,2023-10-25,True,paid
INV0552,CUST056,1454,usd,2023-11-25,True,paid
INV0553,CUST056,1574,usd,2023-12-25,True,paid
INV0554,CUST056,1436,usd,2024-01-25,True,paid
INV0555,CUST056,1529,usd,2024-02-25,True,paid
INV0556,CUST056,1477,usd,2024-03-25,True,paid
INV0557,CUST056,1536,usd,2024-04-25,True,paid
INV0558,CUST056,1434,usd,2024-05-25,True,paid
INV0559,CUST056,1461,usd,2024-06-25,True,paid
INV0560,CUST057,2973,usd,2023-08-05,True,paid
INV0561,CUST057,3144,usd,2023-09-05,True,paid
INV0562,CUST057,3116,usd,2023-10-05,True,paid
INV0563,CUST057,3138,usd,2023-11-05,True,paid
INV0564,CUST057,3136,usd,2023-12-05,True,paid
INV0565,CUST057,2967,usd,2024-01-05,True,paid
INV0566,CUST057,3083,usd,2024-02-05,True,paid
INV0567,CUST057,2979,usd,2024-03-05,True,paid
INV0568,CUST057,3041,usd,2024-04-05,True,paid
INV0569,CUST057,3050,usd,2024-05-05,True,paid
INV0570,CUST057,3080,usd,2024-06-05,True,paid
INV0571,CUST057,2981,usd,2024-07-05,False,open
INV0572,CUST058,1513,usd,2024-05-04,True,paid
INV0573,CUST058,1458,usd,2024-06-04,True,paid
INV0574,CUST058,1527,usd,2024-07-04,True,paid
INV0575,CUST058,1457,usd,2024-08-04,True,paid
INV0576,CUST058,1485,usd,2024-09-04,True,paid
INV0577,CUST058,1574,usd,2024-10-04,True,paid
INV0578,CUST059,122,usd,2024-05-21,True,paid
INV0579,CUST059,118,usd,2024-06-21,True,paid
INV0580,CUST059,117,usd,2024-07-21,True,paid
INV0581,CUST059,121,usd,2024-08-21,True,paid
INV0582,CUST059,123,usd,2024-09-21,True,paid
INV0583,CUST060,2961,usd,2024-01-23,True,paid
INV0584,CUST060,2963,usd,2024-02-23,True,paid
INV0585,CUST060,2966,usd,2024-03-23,True,paid
INV0586,CUST060,2936,usd,2024-04-23,True,paid
INV0587,CUST060,3089,usd,2024-05-23,True,paid
INV0588,CUST060,3042,usd,2024-06-23,True,paid
INV0589,CUST060,2884,usd,2024-07-23,True,paid
INV0590,CUST060,3143,usd,2024-08-23,True,paid
INV0591,CUST060,3025,usd,2024-09-23,True,paid
INV0592,CUST061,962,usd,2024-05-15,True,paid
INV0593,CUST061,1011,usd,2024-06-15,True,paid
INV0594,CUST061,969,usd,2024-07-15,True,paid
INV0595,CUST061,1020,usd,2024-08-15,True,paid
INV0596,CUST061,991,usd,2024-09-15,True,paid
INV0597,CUST061,1019,usd,2024-10-15,True,paid
INV0598,CUST062,1443,usd,2023-12-22,True,paid
INV0599,CUST062,1444,usd,2024-01-22,True,paid
INV0600,CUST062,1570,usd,2024-02-22,True,paid
INV0601,CUST062,1433,usd,2024-03-22,True,paid
INV0602,CUST062,1457,usd,2024-04-22,True,paid
INV0603,CUST062,1464,usd,2024-05-22,True,paid
INV0604,CUST062,1475,usd,2024-06-22,True,paid
INV0605,CUST062,1448,usd,2024-07-22,True,paid
INV0606,CUST062,1458,usd,2024-08-22,True,paid
INV0607,CUST062,1538,usd,2024-09-22,True,paid
INV0608,CUST062,1562,usd,2024-08-01,True,paid
INV0609,CUST062,1550,usd,2024-09-01,True,paid
INV0610,CUST062,1471,usd,2024-10-01,True,paid
INV0611,CUST063,785,usd,2024-02-10,True,paid
INV0612,CUST063,828,usd,2024-03-10,True,paid
INV0613,CUST063,820,usd,2024-04-10,True,paid
INV0614,CUST063,813,usd,2024-05-10,True,paid
INV0615,CUST063,804,usd,2024-06-10,True,paid
INV0616,CUST063,788,usd,2024-07-10,True,paid
INV0617,CUST063,813,usd,2024-08-10,True,paid
INV0618,CUST063,771,usd,2024-09-10,True,paid
INV0619,CUST063,808,usd,2024-10-10,True,paid
INV0620,CUST064,118,usd,2023-10-19,True,paid
INV0621,CUST064,114,usd,2023-11-19,True,paid
INV0622,CUST064,121,usd,2023-12-19,True,paid
INV0623,CUST064,115,usd,2024-01-19,True,paid
INV0624,CUST064,114,usd,2024-02-19,True,paid
INV0625,CUST064,118,usd,2024-03-19,True,paid
INV0626,CUST064,123,usd,2024-04-19,True,paid
INV0627,CUST064,125,usd,2024-05-19,True,paid
INV0628,CUST064,124,usd,2024-06-19,True,paid
INV0629,CUST064,119,usd,2024-07-19,True,paid
INV0630,CUST064,118,usd,2024-08-19,True,paid
INV0631,CUST064,114,usd,2024-09-19,True,paid
INV0632,CUST065,624,usd,2023-05-03,True,paid
INV0633,CUST065,606,usd,2023-06-03,True,paid
INV0634,CUST065,593,usd,2023-07-03,True,paid
INV0635,CUST065,590,usd,2023-08-03,True,paid
INV0636,CUST065,611,usd,2023-09-03,True,paid
INV0637,CUST065,609,usd,2023-10-03,True,paid
INV0638,CUST065,606,usd,2023-11-03,True,paid
INV0639,CUST065,599,usd,2023-12-03,True,paid
INV0640,CUST065,573,usd,2024-01-03,True,paid
INV0641,CUST065,619,usd,2024-02-03,True,paid
INV0642,CUST065,627,usd,2024-03-03,True,paid
INV0643,CUST065,586,usd,2024-04-03,True,paid
INV0644,CUST066,1435,usd,2023-05-15,True,paid
INV0645,CUST066,1447,usd,2023-06-15,True,paid
INV0646,CUST066,1467,usd,2023-07-15,True,paid
INV0647,CUST066,1445,usd,2023-08-15,True,paid
INV0648,CUST066,1509,usd,2023-09-15,True,paid
INV0649,CUST066,1563,usd,2023-10-15,True,paid
INV0650,CUST066,1509,usd,2023-11-15,True,paid
INV0651,CUST066,1529,usd,2023-12-15,True,paid
INV0652,CUST066,1468,usd,2024-01-15,True,paid
INV0653,CUST066,1543,usd,2024-02-15,True,paid
INV0654,CUST066,1546,usd,2024-03-15,True,paid
INV0655,CUST066,1523,usd,2024-04-15,True,paid
INV0656,CUST066,1518,usd,2024-01-19,True,paid
INV0657,CUST066,1455,usd,2024-02-19,True,paid
INV0658,CUST066,1567,usd,2024-03-19,True,paid
INV0659,CUST066,1490,usd,2024-04-19,True,paid
INV0660,CUST066,1471,usd,2024-05-19,True,paid
INV0661,CUST066,1513,usd,2024-06-19,True,paid
INV0662,CUST066,1498,usd,2024-07-19,True,paid
INV0663,CUST066,1521,usd,2024-08-19,True,paid
INV0664,CUST066,1528,usd,2024-09-19,True,paid
INV0665,CUST067,1456,usd,2024-02-06,True,paid
INV0666,CUST067,1429,usd,2024-03-06,True,paid
INV0667,CUST067,1553,usd,2024-04-06,True,paid
INV0668,CUST067,1521,usd,2024-05-06,True,paid
INV0669,CUST067,1546,usd,2024-06-06,True,paid
INV0670,CUST067,1447,usd,2024-07-06,True,paid
INV0671,CUST067,1517,usd,2024-08-06,True,paid
INV0672,CUST067,1494,usd,2024-09-06,True,paid
INV0673,CUST067,1524,usd,2024-10-06,True,paid
INV0674,CUST068,974,usd,2023-06-14,True,paid
INV0675,CUST068,990,usd,2023-07-14,True,paid
INV0676,CUST068,1038,usd,2023-08-14,True,paid
INV0677,CUST068,973,usd,2023-09-14,True,paid
INV0678,CUST068,1042,usd,2023-10-14,True,paid
INV0679,CUST068,1030,usd,2023-11-14,True,paid
INV0680,CUST068,997,usd,2023-12-14,True,paid
INV0681,CUST068,1047,usd,2024-01-14,True,paid
INV0682,CUST068,976,usd,2024-02-14,True,paid
INV0683,CUST068,982,usd,2024-03-14,True,paid
INV0684,CUST068,1048,usd,2024-04-14,True,paid
INV0685,CUST068,968,usd,2024-05-14,False,open
INV0686,CUST069,835,usd,2023-09-19,True,paid
INV0687,CUST069,802,usd,2023-10-19,True,paid
INV0688,CUST069,833,usd,2023-11-19,True,paid
INV0689,CUST069,804,usd,2023-12-19,True,paid
INV0690,CUST069,762,usd,2024-01-19,True,paid
INV0691,CUST069,837,usd,2024-02-19,True,paid
INV0692,CUST069,794,usd,2024-03-19,True,paid
INV0693,CUST069,818,usd,2024-04-19,True,paid
INV0694,CUST069,765,usd,2024-05-19,True,paid
INV0695,CUST069,798,usd,2024-06-19,True,paid
INV0696,CUST069,771,usd,2024-07-19,True,paid
INV0697,CUST069,786,usd,2024-08-19,False,open
INV0698,CUST070,2970,usd,2023-07-05,False,open
INV0699,CUST070,3049,usd,2023-08-05,True,paid
INV0700,CUST070,2999,usd,2023-09-05,True,paid
INV0701,CUST070,2852,usd,2023-10-05,True,paid
INV0702,CUST070,2860,usd,2023-11-05,True,paid
INV0703,CUST070,3053,usd,2023-12-05,True,paid
INV0704,CUST070,2983,usd,2024-01-05,True,paid
INV0705,CUST070,3132,usd,2024-02-05,True,paid
INV0706,CUST070,2963,usd,2024-03-05,True,paid
INV0707,CUST070,3101,usd,2024-04-05,True,paid
INV0708,CUST070,2859,usd,2024-05-05,True,paid
INV0709,CUST070,2882,usd,2024-06-05,True,paid
INV0710,CUST071,1521,usd,2024-02-02,True,paid
INV0711,CUST071,1442,usd,2024-03-02,True,paid
INV0712,CUST071,1427,usd,2024-04-02,True,paid
INV0713,CUST071,1528,usd,2024-05-02,True,paid
INV0714,CUST071,1448,usd,2024-06-02,True,paid
INV0715,CUST071,1486,usd,2024-07-02,True,paid
INV0716,CUST071,1506,usd,2024-08-02,True,paid
INV0717,CUST071,1504,usd,2024-09-02,True,paid
INV0718,CUST071,1545,usd,2024-10-02,True,paid
INV0719,CUST072,619,usd,2023-12-09,True,paid
INV0720,CUST072,578,usd,2024-01-09,True,paid
INV0721,CUST072,606,usd,2024-02-09,True,paid
INV0722,CUST072,575,usd,2024-03-09,True,paid
INV0723,CUST072,608,usd,2024-04-09,True,paid
INV0724,CUST072,624,usd,2024-05-09,True,paid
INV0725,CUST072,582,usd,2024-06-09,True,paid
INV0726,CUST072,598,usd,2024-07-09,True,paid
INV0727,CUST072,582,usd,2024-08-09,True,paid
INV0728,CUST072,581,usd,2024-09-09,True,paid
INV0729,CUST072,604,usd,2024-10-09,True,paid
INV0730,CUST073,1513,usd,2023-12-29,True,paid
INV0731,CUST073,1443,usd,2024-01-29,True,paid
INV0732,CUST073,1510,usd,2024-02-29,True,paid
INV0733,CUST073,1439,usd,2024-03-29,True,paid
INV0734,CUST073,1533,usd,2024-04-29,True,paid
INV0735,CUST073,1463,usd,2024-05-29,True,paid
INV0736,CUST073,1530,usd,2024-06-29,True,paid
INV0737,CUST073,1449,usd,2024-07-29,True,paid
INV0738,CUST073,1431,usd,2024-08-29,True,paid
INV0739,CUST073,1432,usd,2024-09-29,True,paid
INV0740,CUST074,1043,usd,2024-03-24,True,paid
INV0741,CUST074,1027,usd,2024-04-24,True,paid
INV0742,CUST074,974,usd,2024-05-24,True,paid
INV0743,CUST074,963,usd,2024-06-24,True,paid
INV0744,CUST074,961,usd,2024-07-24,True,paid
INV0745,CUST074,1005,usd,2024-08-24,True,paid
INV0746,CUST074,1009,usd,2024-09-24,True,paid
INV0747,CUST075,1460,usd,2023-06-03,True,paid
INV0748,CUST075,1456,usd,2023-07-03,True,paid
INV0749,CUST075,1473,usd,2023-08-03,True,paid
INV0750,CUST075,1458,usd,2023-09-03,True,paid
INV0751,CUST075,1444,usd,2023-10-03,True,paid
INV0752,CUST075,1451,usd,2023-11-03,True,paid
INV0753,CUST075,1444,usd,2023-12-03,True,paid
INV0754,CUST075,1490,usd,2024-01-03,True,paid
INV0755,CUST075,1569,usd,2024-02-03,True,paid
INV0756,CUST075,1542,usd,2024-03-03,True,paid
INV0757,CUST075,1464,usd,2024-04-03,True,paid
INV0758,CUST075,1443,usd,2024-05-03,True,paid
INV0759,CUST076,600,usd,2024-01-03,False,open
INV0760,CUST076,573,usd,2024-02-03,True,paid
INV0761,CUST076,602,usd,2024-03-03,True,paid
INV0762,CUST076,573,usd,2024-04-03,True,paid
INV0763,CUST076,573,usd,2024-05-03,True,paid
INV0764,CUST076,606,usd,2024-06-03,True,paid
INV0765,CUST076,576,usd,2024-07-03,True,paid
INV0766,CUST076,614,usd,2024-08-03,True,paid
INV0767,CUST076,605,usd,2024-09-03,True,paid
INV0768,CUST076,602,usd,2024-10-03,False,open
INV0769,CUST077,1512,usd,2024-06-29,True,paid
INV0770,CUST077,1528,usd,2024-07-29,True,paid
INV0771,CUST077,1475,usd,2024-08-29,True,paid
INV0772,CUST077,1437,usd,2024-09-29,True,paid
INV0773,CUST078,179,usd,2023-08-28,True,paid
INV0774,CUST078,177,usd,2023-09-28,True,paid
INV0775,CUST078,186,usd,2023-10-28,True,paid
INV0776,CUST078,184,usd,2023-11-28,True,paid
INV0777,CUST078,185,usd,2023-12-28,True,paid
INV0778,CUST078,188,usd,2024-01-28,True,paid
INV0779,CUST078,177,usd,2024-02-28,True,paid
INV0780,CUST078,188,usd,2024-03-28,True,paid
INV0781,CUST078,184,usd,2024-04-28,True,paid
INV0782,CUST078,181,usd,2024-05-28,True,paid
INV0783,CUST078,181,usd,2024-06-28,True,paid
INV0784,CUST078,178,usd,2024-07-28,True,paid
INV0785,CUST079,119,usd,2024-03-01,True,paid
INV0786,CUST079,116,usd,2024-04-01,True,paid
INV0787,CUST079,118,usd,2024-05-01,True,paid
INV0788,CUST079,121,usd,2024-06-01,True,paid
INV0789,CUST079,118,usd,2024-07-01,True,paid
INV0790,CUST079,117,usd,2024-08-01,True,paid
INV0791,CUST079,116,usd,2024-09-01,True,paid
INV0792,CUST079,114,usd,2024-10-01,True,paid
INV0793,CUST080,1564,usd,2023-10-31,True,paid
INV0794,CUST080,1434,usd,2023-11-30,True,paid
INV0795,CUST080,1534,usd,2023-12-30,True,paid
INV0796,CUST080,1515,usd,2024-01-30,True,paid
INV0797,CUST080,1513,usd,2024-02-29,True,paid
INV0798,CUST080,1545,usd,2024-03-29,True,paid
INV0799,CUST080,1523,usd,2024-04-29,True,paid
INV0800,CUST080,1428,usd,2024-05-29,True,paid
INV0801,CUST080,1496,usd,2024-06-29,True,paid
INV0802,CUST080,1470,usd,2024-07-29,True,paid
INV0803,CUST080,1449,usd,2024-08-29,True,paid
INV0804,CUST080,1459,usd,2024-09-29,True,paid
INV0805,CUST081,1563,usd,2024-01-13,True,paid
INV0806,CUST081,1574,usd,2024-02-13,True,paid
INV0807,CUST081,1480,usd,2024-03-13,True,paid
INV0808,CUST081,1477,usd,2024-04-13,True,paid
INV0809,CUST081,1558,usd,2024-05-13,True,paid
INV0810,CUST081,1488,usd,2024-06-13,True,paid
INV0811,CUST081,1570,usd,2024-07-13,True,paid
INV0812,CUST081,1461,usd,2024-08-13,True,paid
INV0813,CUST081,1546,usd,2024-09-13,True,paid
INV0814,CUST081,1500,usd,2024-10-13,True,paid
INV0815,CUST082,118,usd,2023-03-12,False,open
INV0816,CUST082,123,usd,2023-04-12,True,paid
INV0817,CUST082,117,usd,2023-05-12,True,paid
INV0818,CUST082,121,usd,2023-06-12,True,paid
INV0819,CUST082,114,usd,2023-07-12,True,paid
INV0820,CUST082,115,usd,2023-08-12,True,paid
INV0821,CUST082,125,usd,2023-09-12,True,paid
INV0822,CUST082,118,usd,2023-10-12,True,paid
INV0823,CUST082,118,usd,2023-11-12,True,paid
INV0824,CUST082,122,usd,2023-12-12,True,paid
INV0825,CUST082,124,usd,2024-01-12,True,paid
INV0826,CUST082,123,usd,2024-02-12,True,paid
INV0827,CUST083,184,usd,2023-12-07,True,paid
INV0828,CUST083,180,usd,2024-01-07,True,paid
INV0829,CUST083,174,usd,2024-02-07,True,paid
INV0830,CUST083,177,usd,2024-03-07,True,paid
INV0831,CUST083,180,usd,2024-04-07,True,paid
INV0832,CUST083,182,usd,2024-05-07,True,paid
INV0833,CUST083,185,usd,2024-06-07,True,paid
INV0834,CUST083,179,usd,2024-07-07,True,paid
INV0835,CUST083,174,usd,2024-08-07,True,paid
INV0836,CUST083,181,usd,2024-09-07,True,paid
INV0837,CUST083,178,usd,2024-10-07,True,paid
INV0838,CUST084,770,usd,2024-01-16,True,paid
INV0839,CUST084,825,usd,2024-02-16,True,paid
INV0840,CUST084,836,usd,2024-03-16,True,paid
INV0841,CUST084,779,usd,2024-04-16,True,paid
INV0842,CUST084,774,usd,2024-05-16,True,paid
INV0843,CUST084,784,usd,2024-06-16,True,paid
INV0844,CUST084,772,usd,2024-07-16,True,paid
INV0845,CUST084,833,usd,2024-08-16,True,paid
INV0846,CUST084,829,usd,2024-09-16,True,paid
INV0847,CUST084,838,usd,2024-10-16,True,paid
INV0848,CUST085,120,usd,2023-04-14,True,paid
INV0849,CUST085,120,usd,2023-05-14,True,paid
INV0850,CUST085,123,usd,2023-06-14,True,paid
INV0851,CUST085,116,usd,2023-07-14,True,paid
INV0852,CUST085,117,usd,2023-08-14,True,paid
INV0853,CUST085,114,usd,2023-09-14,True,paid
INV0854,CUST085,123,usd,2023-10-14,True,paid
INV0855,CUST085,122,usd,2023-11-14,True,paid
INV0856,CUST085,122,usd,2023-12-14,True,paid
INV0857,CUST085,125,usd,2024-01-14,True,paid
INV0858,CUST085,118,usd,2024-02-14,True,paid
INV0859,CUST085,122,usd,2024-03-14,True,paid
INV0860,CUST086,616,usd,2023-03-22,True,paid
INV0861,CUST086,627,usd,2023-04-22,True,paid
INV0862,CUST086,594,usd,2023-05-22,True,paid
INV0863,CUST086,604,usd,2023-06-22,True,paid
INV0864,CUST086,576,usd,2023-07-22,True,paid
INV0865,CUST086,605,usd,2023-08-22,True,paid
INV0866,CUST086,624,usd,2023-09-22,True,paid
INV0867,CUST086,588,usd,2023-10-22,True,paid
INV0868,CUST086,592,usd,2023-11-22,True,paid
INV0869,CUST086,622,usd,2023-12-22,True,paid
INV0870,CUST086,625,usd,2024-01-22,False,open
INV0871,CUST086,587,usd,2024-02-22,True,paid
INV0872,CUST087,2962,usd,2023-11-06,True,paid
INV0873,CUST087,2999,usd,2023-12-06,True,paid
INV0874,CUST087,2869,usd,2024-01-06,True,paid
INV0875,CUST087,2964,usd,2024-02-06,True,paid
INV0876,CUST087,3097,usd,2024-03-06,True,paid
INV0877,CUST087,2855,usd,2024-04-06,True,paid
INV0878,CUST087,3015,usd,2024-05-06,True,paid
INV0879,CUST087,3093,usd,2024-06-06,True,paid
INV0880,CUST087,2920,usd,2024-07-06,True,paid
INV0881,CUST087,2982,usd,2024-08-06,True,paid
INV0882,CUST087,2972,usd,2024-09-06,True,paid
INV0883,CUST087,2972,usd,2024-10-06,False,open
INV0884,CUST087,2934,usd,2024-04-08,True,paid
INV0885,CUST087,3035,usd,2024-05-08,True,paid
INV0886,CUST087,2917,usd,2024-06-08,True,paid
INV0887,CUST087,3126,usd,2024-07-08,True,paid
INV0888,CUST087,2930,usd,2024-08-08,True,paid
INV0889,CUST087,2870,usd,2024-09-08,True,paid
INV0890,CUST087,2880,usd,2024-10-08,True,paid
INV0891,CUST088,592,usd,2024-07-16,True,paid
INV0892,CUST088,610,usd,2024-08-16,True,paid
INV0893,CUST088,606,usd,2024-09-16,True,paid
INV0894,CUST088,586,usd,2024-10-16,True,paid
INV0895,CUST089,833,usd,2024-07-26,True,paid
INV0896,CUST089,812,usd,2024-08-26,True,paid
INV0897,CUST089,798,usd,2024-09-26,True,paid
INV0898,CUST090,1436,usd,2023-12-31,False,open
INV0899,CUST090,1532,usd,2024-01-31,True,paid
INV0900,CUST090,1573,usd,2024-02-29,True,paid
INV0901,CUST090,1552,usd,2024-03-29,True,paid
INV0902,CUST090,1481,usd,2024-04-29,True,paid
INV0903,CUST090,1511,usd,2024-05-29,True,paid
INV0904,CUST090,1556,usd,2024-06-29,True,paid
INV0905,CUST090,1559,usd,2024-07-29,True,paid
INV0906,CUST090,1539,usd,2024-08-29,True,paid
INV0907,CUST090,1450,usd,2024-09-29,True,paid
INV0908,CUST091,118,usd,2024-07-01,True,paid
INV0909,CUST091,121,usd,2024-08-01,True,paid
INV0910,CUST091,115,usd,2024-09-01,False,open
INV0911,CUST091,122,usd,2024-10-01,True,paid
INV0912,CUST092,1445,usd,2024-02-03,True,paid
INV0913,CUST092,1459,usd,2024-03-03,True,paid
INV0914,CUST092,1570,usd,2024-04-03,True,paid
INV0915,CUST092,1462,usd,2024-05-03,False,open
INV0916,CUST092,1471,usd,2024-06-03,True,paid
INV0917,CUST092,1549,usd,2024-07-03,True,paid
INV0918,CUST092,1522,usd,2024-08-03,True,paid
INV0919,CUST092,1562,usd,2024-09-03,True,paid
INV0920,CUST092,1449,usd,2024-10-03,True,paid
INV0921,CUST093,182,usd,2024-01-14,True,paid
INV0922,CUST093,176,usd,2024-02-14,True,paid
INV0923,CUST093,174,usd,2024-03-14,True,paid
INV0924,CUST093,188,usd,2024-04-14,True,paid
INV0925,CUST093,181,usd,2024-05-14,True,paid
INV0926,CUST093,180,usd,2024-06-14,True,paid
INV0927,CUST093,183,usd,2024-07-14,True,paid
INV0928,CUST093,177,usd,2024-08-14,True,paid
INV0929,CUST093,176,usd,2024-09-14,True,paid
INV0930,CUST093,172,usd,2024-10-14,True,paid
INV0931,CUST094,1492,usd,2024-06-24,True,paid
INV0932,CUST094,1516,usd,2024-07-24,True,paid
INV0933,CUST094,1501,usd,2024-08-24,True,paid
INV0934,CUST094,1552,usd,2024-09-24,True,paid
INV0935,CUST095,124,usd,2024-01-05,True,paid
INV0936,CUST095,124,usd,2024-02-05,True,paid
INV0937,CUST095,115,usd,2024-03-05,True,paid
INV0938,CUST095,118,usd,2024-04-05,True,paid
INV0939,CUST095,118,usd,2024-05-05,True,paid
INV0940,CUST095,123,usd,2024-06-05,True,paid
INV0941,CUST095,117,usd,2024-07-05,True,paid
INV0942,CUST095,115,usd,2024-08-05,True,paid
INV0943,CUST095,122,usd,2024-09-05,True,paid
INV0944,CUST095,116,usd,2024-10-05,True,paid
INV0945,CUST096,3046,usd,2023-05-29,True,paid
INV0946,CUST096,2983,usd,2023-06-29,True,paid
INV0947,CUST096,2880,usd,2023-07-29,True,paid
INV0948,CUST096,2882,usd,2023-08-29,True,paid
INV0949,CUST096,3029,usd,2023-09-29,True,paid
INV0950,CUST096,2937,usd,2023-10-29,True,paid
INV0951,CUST096,3133,usd,2023-11-29,True,paid
INV0952,CUST096,2972,usd,2023-12-29,True,paid
INV0953,CUST096,2986,usd,2024-01-29,True,paid
INV0954,CUST096,2912,usd,2024-02-29,True,paid
INV0955,CUST096,3043,usd,2024-03-29,True,paid
INV0956,CUST096,2904,usd,2024-04-29,True,paid
INV0957,CUST096,3123,usd,2024-01-19,True,paid
INV0958,CUST096,2868,usd,2024-02-19,True,paid
INV0959,CUST096,2968,usd,2024-03-19,True,paid
INV0960,CUST096,2868,usd,2024-04-19,True,paid
INV0961,CUST096,3128,usd,2024-05-19,True,paid
INV0962,CUST096,2887,usd,2024-06-19,True,paid
INV0963,CUST096,2926,usd,2024-07-19,True,paid
INV0964,CUST096,2869,usd,2024-08-19,True,paid
INV0965,CUST096,3028,usd,2024-09-19,True,paid
INV0966,CUST097,116,usd,2023-07-21,True,paid
INV0967,CUST097,124,usd,2023-08-21,True,paid
INV0968,CUST097,118,usd,2023-09-21,True,paid
INV0969,CUST097,114,usd,2023-10-21,True,paid
INV0970,CUST097,120,usd,2023-11-21,True,paid
INV0971,CUST097,124,usd,2023-12-21,True,paid
INV0972,CUST097,119,usd,2024-01-21,True,paid
INV0973,CUST097,122,usd,2024-02-21,True,paid
INV0974,CUST097,114,usd,2024-03-21,True,paid
INV0975,CUST097,122,usd,2024-04-21,True,paid
INV0976,CUST097,114,usd,2024-05-21,True,paid
INV0977,CUST097,114,usd,2024-06-21,True,paid
INV0978,CUST098,598,usd,2023-11-07,True,paid
INV0979,CUST098,607,usd,2023-12-07,True,paid
INV0980,CUST098,578,usd,2024-01-07,True,paid
INV0981,CUST098,604,usd,2024-02-07,True,paid
INV0982,CUST098,618,usd,2024-03-07,True,paid
INV0983,CUST098,613,usd,2024-04-07,True,paid
INV0984,CUST098,588,usd,2024-05-07,True,paid
INV0985,CUST098,571,usd,2024-06-07,True,paid
INV0986,CUST098,611,usd,2024-07-07,True,paid
INV0987,CUST098,595,usd,2024-08-07,True,paid
INV0988,CUST098,584,usd,2024-09-07,True,paid
INV0989,CUST098,613,usd,2024-10-07,False,open
INV0990,CUST099,839,usd,2024-03-19,True,paid
INV0991,CUST099,775,usd,2024-04-19,True,paid
INV0992,CUST099,791,usd,2024-05-19,True,paid
INV0993,CUST099,769,usd,2024-06-19,True,paid
INV0994,CUST099,798,usd,2024-07-19,True,paid
INV0995,CUST099,780,usd,2024-08-19,True,paid
INV0996,CUST099,811,usd,2024-09-19,True,paid
INV0997,CUST100,573,usd,2024-02-26,True,paid
INV0998,CUST100,612,usd,2024-03-26,True,paid
INV0999,CUST100,603,usd,2024-04-26,True,paid
INV1000,CUST100,577,usd,2024-05-26,True,paid
INV1001,CUST100,597,usd,2024-06-26,True,paid
INV1002,CUST100,599,usd,2024-07-26,True,paid
INV1003,CUST100,612,usd,2024-08-26,True,paid
INV1004,CUST100,622,usd,2024-09-26,True,paid
INV1005,CUST101,627,usd,2024-01-17,True,paid
INV1006,CUST101,582,usd,2024-02-17,True,paid
INV1007,CUST101,614,usd,2024-03-17,True,paid
INV1008,CUST101,625,usd,2024-04-17,True,paid
INV1009,CUST101,625,usd,2024-05-17,True,paid
INV1010,CUST101,624,usd,2024-06-17,True,paid
INV1011,CUST101,620,usd,2024-07-17,True,paid
INV1012,CUST101,575,usd,2024-08-17,True,paid
INV1013,CUST101,605,usd,2024-09-17,True,paid
INV1014,CUST101,573,usd,2024-10-17,True,paid
INV1015,CUST102,570,usd,2023-07-11,False,open
INV1016,CUST102,570,usd,2023-08-11,True,paid
INV1017,CUST102,607,usd,2023-09-11,True,paid
INV1018,CUST102,574,usd,2023-10-11,True,paid
INV1019,CUST102,604,usd,2023-11-11,True,paid
INV1020,CUST102,576,usd,2023-12-11,True,paid
INV1021,CUST102,607,usd,2024-01-11,True,paid
INV1022,CUST102,575,usd,2024-02-11,True,paid
INV1023,CUST102,626,usd,2024-03-11,True,paid
INV1024,CUST102,605,usd,2024-04-11,True,paid
INV1025,CUST102,601,usd,2024-05-11,True,paid
INV1026,CUST102,584,usd,2024-06-11,False,open
INV1027,CUST103,1512,usd,2023-04-21,True,paid
INV1028,CUST103,1436,usd,2023-05-21,True,paid
INV1029,CUST103,1487,usd,2023-06-21,True,paid
INV1030,CUST103,1571,usd,2023-07-21,True,paid
INV1031,CUST103,1431,usd,2023-08-21,True,paid
INV1032,CUST103,1501,usd,2023-09-21,True,paid
INV1033,CUST103,1432,usd,2023-10-21,True,paid
INV1034,CUST103,1554,usd,2023-11-21,True,paid
INV1035,CUST103,1527,usd,2023-12-21,True,paid
INV1036,CUST103,1457,usd,2024-01-21,False,open
INV1037,CUST103,1549,usd,2024-02-21,True,paid
INV1038,CUST103,1479,usd,2024-03-21,True,paid
INV1039,CUST104,828,usd,2023-08-29,True,paid
INV1040,CUST104,775,usd,2023-09-29,True,paid
INV1041,CUST104,783,usd,2023-10-29,True,paid
INV1042,CUST104,779,usd,2023-11-29,True,paid
INV1043,CUST104,773,usd,2023-12-29,True,paid
INV1044,CUST104,832,usd,2024-01-29,True,paid
INV1045,CUST104,786,usd,2024-02-29,True,paid
INV1046,CUST104,792,usd,2024-03-29,True,paid
INV1047,CUST104,810,usd,2024-04-29,True,paid
INV1048,CUST104,811,usd,2024-05-29,True,paid
INV1049,CUST104,769,usd,2024-06-29,False,open
INV1050,CUST104,802,usd,2024-07-29,False,open
INV1051,CUST105,1505,usd,2023-09-18,True,paid
INV1052,CUST105,1472,usd,2023-10-18,True,paid
INV1053,CUST105,1539,usd,2023-11-18,True,paid
INV1054,CUST105,1461,usd,2023-12-18,True,paid
INV1055,CUST105,1489,usd,2024-01-18,True,paid
INV1056,CUST105,1450,usd,2024-02-18,True,paid
INV1057,CUST105,1482,usd,2024-03-18,True,paid
INV1058,CUST105,1516,usd,2024-04-18,True,paid
INV1059,CUST105,1440,usd,2024-05-18,True,paid
INV1060,CUST105,1539,usd,2024-06-18,True,paid
INV1061,CUST105,1554,usd,2024-07-18,True,paid
INV1062,CUST105,1448,usd,2024-08-18,True,paid
INV1063,CUST106,1013,usd,2024-06-24,True,paid
INV1064,CUST106,997,usd,2024-07-24,True,paid
INV1065,CUST106,997,usd,2024-08-24,True,paid
INV1066,CUST106,993,usd,2024-09-24,True,paid
INV1067,CUST107,120,usd,2023-02-14,True,paid
INV1068,CUST107,122,usd,2023-03-14,True,paid
INV1069,CUST107,119,usd,2023-04-14,True,paid
INV1070,CUST107,117,usd,2023-05-14,True,paid
INV1071,CUST107,125,usd,2023-06-14,True,paid
INV1072,CUST107,116,usd,2023-07-14,True,paid
INV1073,CUST107,115,usd,2023-08-14,True,paid
INV1074,CUST107,122,usd,2023-09-14,True,paid
INV1075,CUST107,125,usd,2023-10-14,True,paid
INV1076,CUST107,116,usd,2023-11-14,True,paid
INV1077,CUST107,120,usd,2023-12-14,True,paid
INV1078,CUST107,114,usd,2024-01-14,True,paid
INV1079,CUST107,118,usd,2024-02-14,False,open
INV1080,CUST108,628,usd,2024-02-25,True,paid
INV1081,CUST108,612,usd,2024-03-25,True,paid
INV1082,CUST108,570,usd,2024-04-25,True,paid
INV1083,CUST108,574,usd,2024-05-25,True,paid
INV1084,CUST108,595,usd,2024-06-25,True,paid
INV1085,CUST108,612,usd,2024-07-25,True,paid
INV1086,CUST108,611,usd,2024-08-25,True,paid
INV1087,CUST108,570,usd,2024-09-25,True,paid
INV1088,CUST109,1436,usd,2024-04-15,True,paid
INV1089,CUST109,1434,usd,2024-05-15,True,paid
INV1090,CUST109,1530,usd,2024-06-15,True,paid
INV1091,CUST109,1526,usd,2024-07-15,True,paid
INV1092,CUST109,1495,usd,2024-08-15,True,paid
INV1093,CUST109,1512,usd,2024-09-15,True,paid
INV1094,CUST109,1538,usd,2024-10-15,True,paid
INV1095,CUST110,121,usd,2023-11-28,True,paid
INV1096,CUST110,124,usd,2023-12-28,True,paid
INV1097,CUST110,114,usd,2024-01-28,False,open
INV1098,CUST110,118,usd,2024-02-28,True,paid
INV1099,CUST110,115,usd,2024-03-28,True,paid
INV1100,CUST110,114,usd,2024-04-28,True,paid
INV1101,CUST110,124,usd,2024-05-28,True,paid
INV1102,CUST110,116,usd,2024-06-28,True,paid
INV1103,CUST110,117,usd,2024-07-28,True,paid
INV1104,CUST110,118,usd,2024-08-28,True,paid
INV1105,CUST110,120,usd,2024-09-28,True,paid
INV1106,CUST111,1555,usd,2023-11-19,True,paid
INV1107,CUST111,1540,usd,2023-12-19,True,paid
INV1108,CUST111,1447,usd,2024-01-19,True,paid
INV1109,CUST111,1573,usd,2024-02-19,True,paid
INV1110,CUST111,1494,usd,2024-03-19,True,paid
INV1111,CUST111,1540,usd,2024-04-19,True,paid
INV1112,CUST111,1477,usd,2024-05-19,True,paid
INV1113,CUST111,1555,usd,2024-06-19,True,paid
INV1114,CUST111,1489,usd,2024-07-19,True,paid
INV1115,CUST111,1489,usd,2024-08-19,True,paid
INV1116,CUST111,1437,usd,2024-09-19,True,paid
INV1117,CUST111,1434,usd,2024-06-14,True,paid
INV1118,CUST111,1561,usd,2024-07-14,True,paid
INV1119,CUST111,1450,usd,2024-08-14,True,paid
INV1120,CUST111,1448,usd,2024-09-14,True,paid
INV1121,CUST111,1475,usd,2024-10-14,True,paid
INV1122,CUST112,791,usd,2023-03-07,True,paid
INV1123,CUST112,802,usd,2023-04-07,True,paid
INV1124,CUST112,800,usd,2023-05-07,True,paid
INV1125,CUST112,825,usd,2023-06-07,True,paid
INV1126,CUST112,801,usd,2023-07-07,True,paid
INV1127,CUST112,770,usd,2023-08-07,True,paid
INV1128,CUST112,824,usd,2023-09-07,True,paid
INV1129,CUST112,824,usd,2023-10-07,True,paid
INV1130,CUST112,784,usd,2023-11-07,True,paid
INV1131,CUST112,780,usd,2023-12-07,True,paid
INV1132,CUST112,766,usd,2024-01-07,True,paid
INV1133,CUST112,806,usd,2024-02-07,False,open
INV1134,CUST113,620,usd,2023-03-24,True,paid
INV1135,CUST113,606,usd,2023-04-24,True,paid
INV1136,CUST113,590,usd,2023-05-24,True,paid
INV1137,CUST113,584,usd,2023-06-24,True,paid
INV1138,CUST113,614,usd,2023-07-24,True,paid
INV1139,CUST113,628,usd,2023-08-24,True,paid
INV1140,CUST113,572,usd,2023-09-24,True,paid
INV1141,CUST113,588,usd,2023-10-24,True,paid
INV1142,CUST113,628,usd,2023-11-24,True,paid
INV1143,CUST113,579,usd,2023-12-24,True,paid
INV1144,CUST113,627,usd,2024-01-24,False,open
INV1145,CUST113,609,usd,2024-02-24,False,open
INV1146,CUST114,1464,usd,2023-09-11,True,paid
INV1147,CUST114,1574,usd,2023-10-11,True,paid
INV1148,CUST114,1438,usd,2023-11-11,True,paid
INV1149,CUST114,1512,usd,2023-12-11,True,paid
INV1150,CUST114,1483,usd,2024-01-11,True,paid
INV1151,CUST114,1519,usd,2024-02-11,True,paid
INV1152,CUST114,1469,usd,2024-03-11,True,paid
INV1153,CUST114,1463,usd,2024-04-11,True,paid
INV1154,CUST114,1524,usd,2024-05-11,True,paid
INV1155,CUST114,1425,usd,2024-06-11,True,paid
INV1156,CUST114,1526,usd,2024-07-11,True,paid
INV1157,CUST114,1555,usd,2024-08-11,True,paid
INV1158,CUST115,114,usd,2024-04-16,True,paid
INV1159,CUST115,120,usd,2024-05-16,False,open
INV1160,CUST115,116,usd,2024-06-16,True,paid
INV1161,CUST115,123,usd,2024-07-16,True,paid
INV1162,CUST115,121,usd,2024-08-16,True,paid
INV1163,CUST115,120,usd,2024-09-16,True,paid
INV1164,CUST115,120,usd,2024-10-16,True,paid
INV1165,CUST116,592,usd,2024-07-30,True,paid
INV1166,CUST116,604,usd,2024-08-30,False,open
INV1167,CUST116,581,usd,2024-09-30,True,paid
INV1168,CUST117,616,usd,2023-05-28,True,paid
INV1169,CUST117,573,usd,2023-06-28,True,paid
INV1170,CUST117,629,usd,2023-07-28,True,paid
INV1171,CUST117,571,usd,2023-08-28,True,paid
INV1172,CUST117,597,usd,2023-09-28,True,paid
INV1173,CUST117,626,usd,2023-10-28,True,paid
INV1174,CUST117,609,usd,2023-11-28,True,paid
INV1175,CUST117,588,usd,2023-12-28,True,paid
INV1176,CUST117,628,usd,2024-01-28,True,paid
INV1177,CUST117,573,usd,2024-02-28,True,paid
INV1178,CUST117,624,usd,2024-03-28,True,paid
INV1179,CUST117,627,usd,2024-04-28,True,paid
INV1180,CUST118,581,usd,2024-02-17,True,paid
INV1181,CUST118,618,usd,2024-03-17,True,paid
INV1182,CUST118,612,usd,2024-04-17,True,paid
INV1183,CUST118,601,usd,2024-05-17,True,paid
INV1184,CUST118,583,usd,2024-06-17,True,paid
INV1185,CUST118,593,usd,2024-07-17,True,paid
INV1186,CUST118,584,usd,2024-08-17,True,paid
INV1187,CUST118,598,usd,2024-09-17,True,paid
INV1188,CUST118,572,usd,2024-10-17,True,paid
INV1189,CUST119,575,usd,2023-11-07,True,paid
INV1190,CUST119,590,usd,2023-12-07,True,paid
INV1191,CUST119,597,usd,2024-01-07,True,paid
INV1192,CUST119,611,usd,2024-02-07,True,paid
INV1193,CUST119,590,usd,2024-03-07,True,paid
INV1194,CUST119,623,usd,2024-04-07,True,paid
INV1195,CUST119,624,usd,2024-05-07,True,paid
INV1196,CUST119,628,usd,2024-06-07,True,paid
INV1197,CUST119,584,usd,2024-07-07,True,paid
INV1198,CUST119,573,usd,2024-08-07,True,paid
INV1199,CUST119,606,usd,2024-09-07,True,paid
INV1200,CUST119,620,usd,2024-10-07,True,paid
INV1201,CUST120,627,usd,2024-07-17,True,paid
INV1202,CUST120,574,usd,2024-08-17,True,paid
INV1203,CUST120,604,usd,2024-09-17,True,paid
INV1204,CUST120,594,usd,2024-10-17,True,paid
INV1205,CUST121,582,usd,2023-11-08,True,paid
INV1206,CUST121,600,usd,2023-12-08,True,paid
INV1207,CUST121,616,usd,2024-01-08,True,paid
INV1208,CUST121,575,usd,2024-02-08,True,paid
INV1209,CUST121,603,usd,2024-03-08,True,paid
INV1210,CUST121,623,usd,2024-04-08,True,paid
INV1211,CUST121,602,usd,2024-05-08,True,paid
INV1212,CUST121,579,usd,2024-06-08,True,paid
INV1213,CUST121,629,usd,2024-07-08,True,paid
INV1214,CUST121,586,usd,2024-08-08,True,paid
INV1215,CUST121,605,usd,2024-09-08,True,paid
INV1216,CUST121,606,usd,2024-10-08,True,paid
INV1217,CUST122,600,usd,2023-10-08,True,paid
INV1218,CUST122,609,usd,2023-11-08,True,paid
INV1219,CUST122,628,usd,2023-12-08,True,paid
INV1220,CUST122,590,usd,2024-01-08,True,paid
INV1221,CUST122,581,usd,2024-02-08,True,paid
INV1222,CUST122,603,usd,2024-03-08,True,paid
INV1223,CUST122,575,usd,2024-04-08,True,paid
INV1224,CUST122,629,usd,2024-05-08,True,paid
INV1225,CUST122,583,usd,2024-06-08,True,paid
INV1226,CUST122,604,usd,2024-07-08,True,paid
INV1227,CUST122,624,usd,2024-08-08,True,paid
INV1228,CUST122,613,usd,2024-09-08,True,paid
INV1229,CUST123,3127,usd,2023-11-24,True,paid
INV1230,CUST123,3113,usd,2023-12-24,True,paid
INV1231,CUST123,2943,usd,2024-01-24,True,paid
INV1232,CUST123,2984,usd,2024-02-24,True,paid
INV1233,CUST123,3002,usd,2024-03-24,True,paid
INV1234,CUST123,2910,usd,2024-04-24,True,paid
INV1235,CUST123,3024,usd,2024-05-24,True,paid
INV1236,CUST123,3074,usd,2024-06-24,True,paid
INV1237,CUST123,3085,usd,2024-07-24,True,paid
INV1238,CUST123,2965,usd,2024-08-24,True,paid
INV1239,CUST123,2977,usd,2024-09-24,True,paid
INV1240,CUST124,572,usd,2023-04-02,True,paid
INV1241,CUST124,572,usd,2023-05-02,True,paid
INV1242,CUST124,570,usd,2023-06-02,True,paid
INV1243,CUST124,580,usd,2023-07-02,True,paid
INV1244,CUST124,575,usd,2023-08-02,True,paid
INV1245,CUST124,574,usd,2023-09-02,False,open
INV1246,CUST124,585,usd,2023-10-02,True,paid
INV1247,CUST124,606,usd,2023-11-02,True,paid
INV1248,CUST124,574,usd,2023-12-02,True,paid
INV1249,CUST124,575,usd,2024-01-02,True,paid
INV1250,CUST124,598,usd,2024-02-02,False,open
